<?xml version="1.0" encoding="UTF-8"?>
<Configuration status="WARN">
    <Properties>
        <!--<Property name="env.logging.cf.org"></Property>-->
    </Properties>
    <Appenders>
        <Console name="Console" target="SYSTEM_OUT">
            <PatternLayout pattern="%d %-5p [%c] [%thread] PCFOrg=wgdc01-openbanking-beta PCFSpace=dev AppName=PEN-PDMCoreData Version=0.0.1-SNAPSHOT %m%n"/>
        </Console>
    </Appenders>
    <Loggers>
        <Logger name="org.springframework" level="INFO">
            <AppenderRef ref="Console"/>
        </Logger>
        <Logger name="com.hsbc" level="INFO">
            <AppenderRef ref="Console"/>
        </Logger>
        <Root level="INFO">
            <AppenderRef ref="Console"/>
        </Root>
    </Loggers>
</Configuration>