{
  "products": [
    {
      "id": 1,
      "createdAt": "2011-07-14T22:01:01.947Z",
      "createdBy": "domain\\username",
      "updatedAt": "2011-07-14T22:01:01.947Z",
      "updatedBy": "domain\\username",
      "active": true,
      "status": 1,
      "productType": 1,
      "details": {
        "name": "a name",
        "description": "some descritpion",
        "currency": "GBP"
      }
    }
  ],
  "productACLs": [
    {
      "id": 1,
      "name": "Main",
      "createdAt": "2011-07-14T22:01:01.947Z",
      "createdBy": "domain\\username",
      "updatedAt": "2011-07-14T22:01:01.947Z",
      "updatedBy": "domain\\username",
      "active": true,
      "productTypes": [
        1,
        2,
        3
      ],
      "aCL": [
        {
          "roleId": 1,
          "rights": [
            "create",
            "read",
            "update",
            "delete"
          ]
        },
        {
          "roleId": 2,
          "rights": [
            "read",
            "update"
          ]
        }
      ]
    }
  ],
  "productTemplates": [
    {
      "id": 1,
      "title": "Product Type Title",
      "type": "productType1",
      "createdAt": "2011-07-14T22:01:01.947Z",
      "createdBy": "domain\\username",
      "updatedAt": "2011-07-14T22:01:01.947Z",
      "updatedBy": "domain\\username",
      "status": "active",
      "schema": {
        "type": "object",
        "title": "Example",
        "properties": {
          "name": {
            "title": "Name",
            "type": "string",
            "description": "The currency of the product"
          },
          "description": {
            "title": "Description",
            "type": "string",
            "description": "The description of the product",
            "maxLength": 50
          },
          "currency": {
            "title": "Currency",
            "type": "string",
            "description": "The currency of the product",
            "enum": [
              "GBP",
              "EUR",
              "USD"
            ]
          }
        },
        "required": [
          "name",
          "description",
          "currency"
        ]
      },
      "form": [
        "name",
        "email",
        {
          "key": "comment",
          "type": "textarea",
          "placeholder": "Make a comment"
        },
        {
          "type": "submit",
          "style": "btn-info",
          "title": "OK"
        }
      ]
    }
  ],
  "lookups": [
    {
      "id": 1,
      "name": "lookup1",
      "createdAt": "2011-07-14T22:01:01.947Z",
      "createdBy": "domain\\username",
      "updatedAt": "2011-07-14T22:01:01.947Z",
      "updatedBy": "domain\\username",
      "active": true,
      "items": []
    }
  ],
  "productWorkflows": [
    {
      "id": 1,
      "name": "Approval Workflow 1",
      "createdAt": "2011-07-14T22:01:01.947Z",
      "createdBy": "domain\\username",
      "updatedAt": "2011-07-14T22:01:01.947Z",
      "updatedBy": "domain\\username",
      "active": true,
      "productTypes": [
        1,
        2,
        3
      ],
      "states": [
        {
          "id": 0,
          "name": "new",
          "aCL": [
            {
              "roleId": 1,
              "rights": [
                "read",
                "update"
              ]
            },
            {
              "roleId": 2,
              "rights": [
                "read"
              ]
            }
          ]
        },
        {
          "id": 1,
          "name": "approved",
          "aCL": [
            {
              "roleId": 1,
              "rights": [
                "read",
                "update"
              ]
            },
            {
              "roleId": 2,
              "rights": [
                "read"
              ]
            }
          ]
        },
        {
          "id": 2,
          "name": "rejected",
          "aCL": [
            {
              "roleId": 1,
              "rights": [
                "read",
                "update"
              ]
            },
            {
              "roleId": 2,
              "rights": [
                "read"
              ]
            }
          ]
        }
      ],
      "transitions": [
        {
          "label": "move to approved",
          "sourceStateId": 0,
          "targetStateId": 1
        },
        {
          "label": "move to rejected",
          "sourceStateId": 0,
          "targetStateId": 2
        }
      ]
    }
  ],
  "productAudits": [
    {
      "id": 1,
      "updatedAt": "2011-07-14T22:01:01.947Z",
      "updatedBy": "domain\\username",
      "productId": 1,
      "status": 1,
      "comment": "something",
      "checklist": [
        {
          "type": "BusinessCaseApproval",
          "approved": true,
          "comment": "",
          "attachements": [
            {
              "name": "file1",
              "url": "http://url1"
            }
          ]
        },
        {
          "type": "LegalApproval",
          "approved": true,
          "comment": "",
          "attachements": [
            {
              "name": "file1",
              "url": "http://url1"
            }
          ]
        },
        {
          "type": "RegulatoryComplianceApproval",
          "approved": true,
          "comment": "",
          "attachements": [
            {
              "name": "file1",
              "url": "http://url1"
            }
          ]
        },
        {
          "type": "OtherApproval",
          "approved": true,
          "comment": "",
          "attachements": [
            {
              "name": "file1",
              "url": "http://url1"
            }
          ]
        }
      ]
    }
  ],
  "roles": [
    {
      "id": 1,
      "name": "role1",
      "createdAt": "2011-07-14T22:01:01.947Z",
      "createdBy": "domain\\username",
      "updatedAt": "2011-07-14T22:01:01.947Z",
      "updatedBy": "domain\\username",
      "active": true,
      "groups": [
        "domain\\group1",
        "domain\\group2"
      ]
    }
  ]
}